{"lastPos": [43.663007, -79.430551], "nanoPos": [43.641466, -79.422329], "workPos": [43.635981, -79.424029], "stepperBearing": 50}