{"lastPos": [23.0, 1.0], "nanoPos": [43.641466, -79.422329], "workPos": [43.635981, -79.424029], "stepperBearing": 97.34371261193667}