{"lastPos": [30.0, 23.0], "nanoPos": [43.641466, -79.422329], "workPos": [43.635981, -79.424029], "stepperBearing": 97.34371261193667}